Path,Method,Schema,Model Name,Supported,Datasource,Resource
/apps/ai.core.eda.nokia.com,GET,AppGroup,app_group,true,true,false
/apps/ai.core.eda.nokia.com/v1,GET,ResourceList,resource_list,true,true,false
/apps/ai.core.eda.nokia.com/v1/_ui/{pathname},GET,UIResult,,false,false,false
/apps/ai.core.eda.nokia.com/v1/mcpclients,DELETE,com.nokia.eda.core.ai.v1.MCPClientList,,false,false,false
/apps/ai.core.eda.nokia.com/v1/mcpclients,GET,com.nokia.eda.core.ai.v1.MCPClientList,mcp_client_list,true,true,false
/apps/ai.core.eda.nokia.com/v1/mcpclients,POST,com.nokia.eda.core.ai.v1.MCPClient,mcp_client,true,false,true
/apps/ai.core.eda.nokia.com/v1/mcpclients/_deleted,GET,com.nokia.eda.core.ai.v1.MCPClient_DeletedResources,,false,false,false
/apps/ai.core.eda.nokia.com/v1/mcpclients/{name},DELETE,Status,mcp_client,true,false,true
/apps/ai.core.eda.nokia.com/v1/mcpclients/{name},GET,com.nokia.eda.core.ai.v1.MCPClient,mcp_client,true,true,true
/apps/ai.core.eda.nokia.com/v1/mcpclients/{name},PATCH,com.nokia.eda.core.ai.v1.MCPClient,,false,false,false
/apps/ai.core.eda.nokia.com/v1/mcpclients/{name},PUT,com.nokia.eda.core.ai.v1.MCPClient,mcp_client,true,false,true
/apps/ai.core.eda.nokia.com/v1/mcpclients/{name}/_revs,GET,ResourceHistory,,false,false,false
/apps/ai.core.eda.nokia.com/v1/mcpclients/{name}/_targets,GET,IntentTargets,,false,false,false
/apps/ai.core.eda.nokia.com/v1/mcpclients/{name}/_topology,POST,K8STopologyRequest,,false,false,false
/apps/ai.core.eda.nokia.com/v1/mcpprompttemplates,DELETE,com.nokia.eda.core.ai.v1.MCPPromptTemplateList,,false,false,false
/apps/ai.core.eda.nokia.com/v1/mcpprompttemplates,GET,com.nokia.eda.core.ai.v1.MCPPromptTemplateList,mcp_prompt_template_list,true,true,false
/apps/ai.core.eda.nokia.com/v1/mcpprompttemplates,POST,com.nokia.eda.core.ai.v1.MCPPromptTemplate,mcp_prompt_template,true,false,true
/apps/ai.core.eda.nokia.com/v1/mcpprompttemplates/_deleted,GET,com.nokia.eda.core.ai.v1.MCPPromptTemplate_DeletedResources,,false,false,false
/apps/ai.core.eda.nokia.com/v1/mcpprompttemplates/{name},DELETE,Status,mcp_prompt_template,true,false,true
/apps/ai.core.eda.nokia.com/v1/mcpprompttemplates/{name},GET,com.nokia.eda.core.ai.v1.MCPPromptTemplate,mcp_prompt_template,true,true,true
/apps/ai.core.eda.nokia.com/v1/mcpprompttemplates/{name},PATCH,com.nokia.eda.core.ai.v1.MCPPromptTemplate,,false,false,false
/apps/ai.core.eda.nokia.com/v1/mcpprompttemplates/{name},PUT,com.nokia.eda.core.ai.v1.MCPPromptTemplate,mcp_prompt_template,true,false,true
/apps/ai.core.eda.nokia.com/v1/mcpprompttemplates/{name}/_revs,GET,ResourceHistory,,false,false,false
/apps/ai.core.eda.nokia.com/v1/mcpprompttemplates/{name}/_targets,GET,IntentTargets,,false,false,false
/apps/ai.core.eda.nokia.com/v1/mcpprompttemplates/{name}/_topology,POST,K8STopologyRequest,,false,false,false
/apps/ai.core.eda.nokia.com/v1/mcpresourcedefinitions,DELETE,com.nokia.eda.core.ai.v1.MCPResourceDefinitionList,,false,false,false
/apps/ai.core.eda.nokia.com/v1/mcpresourcedefinitions,GET,com.nokia.eda.core.ai.v1.MCPResourceDefinitionList,mcp_resource_definition_list,true,true,false
/apps/ai.core.eda.nokia.com/v1/mcpresourcedefinitions,POST,com.nokia.eda.core.ai.v1.MCPResourceDefinition,mcp_resource_definition,true,false,true
/apps/ai.core.eda.nokia.com/v1/mcpresourcedefinitions/_deleted,GET,com.nokia.eda.core.ai.v1.MCPResourceDefinition_DeletedResources,,false,false,false
/apps/ai.core.eda.nokia.com/v1/mcpresourcedefinitions/{name},DELETE,Status,mcp_resource_definition,true,false,true
/apps/ai.core.eda.nokia.com/v1/mcpresourcedefinitions/{name},GET,com.nokia.eda.core.ai.v1.MCPResourceDefinition,mcp_resource_definition,true,true,true
/apps/ai.core.eda.nokia.com/v1/mcpresourcedefinitions/{name},PATCH,com.nokia.eda.core.ai.v1.MCPResourceDefinition,,false,false,false
/apps/ai.core.eda.nokia.com/v1/mcpresourcedefinitions/{name},PUT,com.nokia.eda.core.ai.v1.MCPResourceDefinition,mcp_resource_definition,true,false,true
/apps/ai.core.eda.nokia.com/v1/mcpresourcedefinitions/{name}/_revs,GET,ResourceHistory,,false,false,false
/apps/ai.core.eda.nokia.com/v1/mcpresourcedefinitions/{name}/_targets,GET,IntentTargets,,false,false,false
/apps/ai.core.eda.nokia.com/v1/mcpresourcedefinitions/{name}/_topology,POST,K8STopologyRequest,,false,false,false
/apps/ai.core.eda.nokia.com/v1/mcpsettings,DELETE,com.nokia.eda.core.ai.v1.MCPSettingsList,,false,false,false
/apps/ai.core.eda.nokia.com/v1/mcpsettings,GET,com.nokia.eda.core.ai.v1.MCPSettingsList,mcp_settings_list,true,true,false
/apps/ai.core.eda.nokia.com/v1/mcpsettings,POST,com.nokia.eda.core.ai.v1.MCPSettings,mcp_settings,true,false,true
/apps/ai.core.eda.nokia.com/v1/mcpsettings/_deleted,GET,com.nokia.eda.core.ai.v1.MCPSettings_DeletedResources,,false,false,false
/apps/ai.core.eda.nokia.com/v1/mcpsettings/{name},DELETE,Status,mcp_settings,true,false,true
/apps/ai.core.eda.nokia.com/v1/mcpsettings/{name},GET,com.nokia.eda.core.ai.v1.MCPSettings,mcp_settings,true,true,true
/apps/ai.core.eda.nokia.com/v1/mcpsettings/{name},PATCH,com.nokia.eda.core.ai.v1.MCPSettings,,false,false,false
/apps/ai.core.eda.nokia.com/v1/mcpsettings/{name},PUT,com.nokia.eda.core.ai.v1.MCPSettings,mcp_settings,true,false,true
/apps/ai.core.eda.nokia.com/v1/mcpsettings/{name}/_revs,GET,ResourceHistory,,false,false,false
/apps/ai.core.eda.nokia.com/v1/mcpsettings/{name}/_targets,GET,IntentTargets,,false,false,false
/apps/ai.core.eda.nokia.com/v1/mcpsettings/{name}/_topology,POST,K8STopologyRequest,,false,false,false
/apps/ai.core.eda.nokia.com/v1/mcptooldefinitions,DELETE,com.nokia.eda.core.ai.v1.MCPToolDefinitionList,,false,false,false
/apps/ai.core.eda.nokia.com/v1/mcptooldefinitions,GET,com.nokia.eda.core.ai.v1.MCPToolDefinitionList,mcp_tool_definition_list,true,true,false
/apps/ai.core.eda.nokia.com/v1/mcptooldefinitions,POST,com.nokia.eda.core.ai.v1.MCPToolDefinition,mcp_tool_definition,true,false,true
/apps/ai.core.eda.nokia.com/v1/mcptooldefinitions/_deleted,GET,com.nokia.eda.core.ai.v1.MCPToolDefinition_DeletedResources,,false,false,false
/apps/ai.core.eda.nokia.com/v1/mcptooldefinitions/{name},DELETE,Status,mcp_tool_definition,true,false,true
/apps/ai.core.eda.nokia.com/v1/mcptooldefinitions/{name},GET,com.nokia.eda.core.ai.v1.MCPToolDefinition,mcp_tool_definition,true,true,true
/apps/ai.core.eda.nokia.com/v1/mcptooldefinitions/{name},PATCH,com.nokia.eda.core.ai.v1.MCPToolDefinition,,false,false,false
/apps/ai.core.eda.nokia.com/v1/mcptooldefinitions/{name},PUT,com.nokia.eda.core.ai.v1.MCPToolDefinition,mcp_tool_definition,true,false,true
/apps/ai.core.eda.nokia.com/v1/mcptooldefinitions/{name}/_revs,GET,ResourceHistory,,false,false,false
/apps/ai.core.eda.nokia.com/v1/mcptooldefinitions/{name}/_targets,GET,IntentTargets,,false,false,false
/apps/ai.core.eda.nokia.com/v1/mcptooldefinitions/{name}/_topology,POST,K8STopologyRequest,,false,false,false
/apps/ai.core.eda.nokia.com/v1/providers,DELETE,com.nokia.eda.core.ai.v1.ProviderList,,false,false,false
/apps/ai.core.eda.nokia.com/v1/providers,GET,com.nokia.eda.core.ai.v1.ProviderList,provider_list,true,true,false
/apps/ai.core.eda.nokia.com/v1/providers,POST,com.nokia.eda.core.ai.v1.Provider,provider,true,false,true
/apps/ai.core.eda.nokia.com/v1/providers/_deleted,GET,com.nokia.eda.core.ai.v1.Provider_DeletedResources,,false,false,false
/apps/ai.core.eda.nokia.com/v1/providers/{name},DELETE,Status,provider,true,false,true
/apps/ai.core.eda.nokia.com/v1/providers/{name},GET,com.nokia.eda.core.ai.v1.Provider,provider,true,true,true
/apps/ai.core.eda.nokia.com/v1/providers/{name},PATCH,com.nokia.eda.core.ai.v1.Provider,,false,false,false
/apps/ai.core.eda.nokia.com/v1/providers/{name},PUT,com.nokia.eda.core.ai.v1.Provider,provider,true,false,true
/apps/ai.core.eda.nokia.com/v1/providers/{name}/_revs,GET,ResourceHistory,,false,false,false
/apps/ai.core.eda.nokia.com/v1/providers/{name}/_targets,GET,IntentTargets,,false,false,false
/apps/ai.core.eda.nokia.com/v1/providers/{name}/_topology,POST,K8STopologyRequest,,false,false,false
